{
	"axis_max" : 4.022921085357666,
	"axis_min" : -0.76341366767883301,
	"bounding_polygon" : 
	[
		[-0.06762467, -0.11442921,  0.46217243],
	 	[ 0.05889219,  0.04380711,  0.43102761],
	 	[-0.1095916,  -0.08190124,  0.45695748],
	 	[-0.06786125, -0.11690588,  0.44862824],
	 	[ 0.01668867,  0.07385841,  0.41226848],
	 	[-0.10982819, -0.08437791,  0.44341329],
	 	[ 0.05865561,  0.04133044,  0.41748342],
	 	[ 0.01692525,  0.07633508,  0.42581266]
	],
	"class_name" : "SelectionPolygonVolume",
	"orthogonal_axis" : "Z",
	"version_major" : 1,
	"version_minor" : 0
}


